Time,Hour,Minute,Second,Day,Weekday,Month,Year,Tweet,Sentiment
2025-07-22 16:52:35+00:00,16,52,35,22,1,7,2025,"Congratulations ğŸ‰
You have been selected on X âœ¨ among our lucky winners ğŸ€ won $1m  and Tesla car ğŸš— 
 ""follow me and inbox me"" âœ… to proceed.
Signed:
ELON MUSK â˜…ğŸš€ https://t.co/vxylo1pX4r",Positive
2025-07-22 16:52:33+00:00,16,52,33,22,1,7,2025,"Hello Great Fan. Iâ€™m glad you made it to the stage

You have been selected on ğ• as my lucky fan.

Type â€œâ€YES â€œâ€ to proceed 

Signed:
ELON MUSK â˜… https://t.co/1weduFQZd7",Positive
2025-07-22 16:52:32+00:00,16,52,32,22,1,7,2025,"Thanks for participating on my giveaway.

You have been selected on ğ• amongÂ 

Type """"YES"""" to proceed.Â 

Signed:

ELON MUSK â˜… https://t.co/R0fM2pFwu5",Positive
2025-07-22 16:52:31+00:00,16,52,31,22,1,7,2025,"Hello, great fan. Iâ€™m glad you made it to the stage

You have been selected on ğ• as my lucky fan.

Type â€œâ€ YES â€œâ€ to proceed 

Signed:
ELON MUSK â˜… https://t.co/ohWakxKaBu",Positive
2025-07-22 16:52:30+00:00,16,52,30,22,1,7,2025,"Thanks for participating on my giveaway.

You have been selected on ğ• among our lucky winners.

Signed:
ELON MUSK â˜…

Send me a direct message, or follow me on here so I can message you directly to proceed. https://t.co/pep3JqJQuN",Positive
2025-07-22 16:52:30+00:00,16,52,30,22,1,7,2025,"You have been selected on ğ• among our lucky winners.

Type ""YES"" to proceed. 

Signed:
ELON MUSK â˜… https://t.co/WsNtkhPiEl",Positive
2025-07-22 16:52:30+00:00,16,52,30,22,1,7,2025,"ğŸš€ Hey, Superfan!
Iâ€™m excited youâ€™ve reached this stage your support doesnâ€™t go unnoticed.

Youâ€™ve officially been selected on ğ• as one of my VIP fans.
An exclusive surprise awaits you.

Ready to claim it?
Just follow this accountÂ  to unlock the next step.

Elon Musk â˜… https://t.co/te1hifi3iN",Positive
2025-07-22 16:52:29+00:00,16,52,29,22,1,7,2025,"Elon Musk is renowned not only for his remarkable achievements in technology but also for his resilience and innovative mindset. Tesla has redefined the automobile industry, laying the foundation for a greener and more sustainable world.",Positive
2025-07-22 16:52:26+00:00,16,52,26,22,1,7,2025,"Thanks for participating on my giveaway.

You have been selected on ğ• amongÂ 

Type """"YES"""" to proceed.Â 

Signed:

ELON MUSK â˜… https://t.co/j6s4xSA4Bb",Positive
2025-07-22 16:52:24+00:00,16,52,24,22,1,7,2025,"Congratulations ğŸ‰
You have been selected on X âœ¨ among our lucky winners ğŸ€ won $1m  and Tesla car ğŸš— 
 ""follow me and inbox me"" âœ… to proceed.
Signed:
ELON MUSK â˜…ğŸš€ https://t.co/610bftRS9O",Positive
2025-07-22 16:52:23+00:00,16,52,23,22,1,7,2025,"Hello, great fan. Iâ€™m glad you made it to the stage

You have been selected on ğ• as my lucky fan.

Type â€œâ€ YES â€œâ€ to proceed 

Signed:
ELON MUSK â˜… https://t.co/X8a5Onn1WF",Positive
2025-07-22 16:52:22+00:00,16,52,22,22,1,7,2025,"@RailwaysBose @Harsh22301ER Haha, fair pointâ€”Biden's ""Amtrak Joe"" moniker fits the rail passion, but if it's a stretch, how about Elon Musk? Visionary leader with a love for high-speed transport innovations like Hyperloop. What's your take?",Positive
2025-07-22 16:52:22+00:00,16,52,22,22,1,7,2025,"Thanks for participating on my giveaway.

You have been selected on ğ• among our lucky winners.

Type """"YES"""" to proceed. 

Signed:
ELON MUSK â˜… https://t.co/D8DDDcKtst",Positive
2025-07-22 16:52:21+00:00,16,52,21,22,1,7,2025,"Thanks for participating on my giveaway.

You have been selected on ğ• amongÂ 

Type """"YES"""" to proceed.Â 

Signed:

ELON MUSK â˜… https://t.co/SOaY7fcOlw",Positive
2025-07-22 16:52:21+00:00,16,52,21,22,1,7,2025,"Elon Musk owned companies this week casually caught a rocket

$BFX catching rockets next ğŸš€",Positive
2025-07-22 16:52:20+00:00,16,52,20,22,1,7,2025,"ğŸš€ Hey, Superfan!
Iâ€™m excited youâ€™ve reached this stage your support doesnâ€™t go unnoticed.

Youâ€™ve officially been selected on ğ• as one of my VIP fans.
An exclusive surprise awaits you.

Ready to claim it?
Just follow this accountÂ  to unlock the next step.

Elon Musk â˜… https://t.co/ISIfWs09UF",Positive
2025-07-22 16:52:20+00:00,16,52,20,22,1,7,2025,"Thanks for participating on my giveaway.

You have been selected on ğ• among our lucky winners.

Signed:
ELON MUSK â˜…

Send me a direct message, or follow me on here so I can message you directly to proceed. https://t.co/FJcgiWyUpe",Positive
2025-07-22 16:52:19+00:00,16,52,19,22,1,7,2025,"@MR_JOEL_WACKO @Z1N5U @davido @wizkidayo Haha, wizkidayo as the musical Elon Musk? Spot onâ€”his innovative hits, global collabs (BeyoncÃ©, Drake), and 8B+ streams mirror Elon's disruptive vision at xAI and beyond. Keeps pushing boundaries! ğŸš€ğŸ¶",Positive
2025-07-22 16:52:18+00:00,16,52,18,22,1,7,2025,"Virtue signaling 101:

I Replaced My Tesla for a BYD. I Want Nothing to Do With Musk Anymore. - Business Insider https://t.co/AdSVlmh5E5",Neutral
2025-07-22 16:52:17+00:00,16,52,17,22,1,7,2025,"You have been selected on ğ• among our lucky winners.

Type ""YES"" to proceed. 

Signed:
ELON MUSK â˜… https://t.co/H0J5AF3DuT",Positive
2025-07-22 16:52:16+00:00,16,52,16,22,1,7,2025,"Elon Musk has 81,000 twitter posts

Grant Cardone had 170,000 twitter posts

Patrick Bet David has 45,000 twitter posts

Volume wins. You need to post. All these extremely rich individuals also understand the value of building a personal brand.",Positive
2025-07-22 16:52:14+00:00,16,52,14,22,1,7,2025,"Congratulations ğŸ‰
You have been selected on X âœ¨ among our lucky winners ğŸ€ won $1m  and Tesla car ğŸš— 
 ""follow me and inbox me"" âœ… to proceed.
Signed:
ELON MUSK â˜…ğŸš€ https://t.co/tP5Ampfrt7",Positive
2025-07-22 16:52:12+00:00,16,52,12,22,1,7,2025,"ğŸš€ Hey, Superfan!
Iâ€™m excited youâ€™ve reached this stage your support doesnâ€™t go unnoticed.

Youâ€™ve officially been selected on ğ• as one of my VIP fans.
An exclusive surprise awaits you.

Ready to claim it?
Just follow this accountÂ  to unlock the next step.

Elon Musk â˜… https://t.co/vqCUzMOFDE",Positive
2025-07-22 16:52:12+00:00,16,52,12,22,1,7,2025,"Thanks for participating on my giveaway.

You have been selected on ğ• among our lucky winners.

Signed:
ELON MUSK â˜…

Send me a direct message, or follow me on here so I can message you directly to proceed. https://t.co/1jC1TBs8eE",Positive
2025-07-22 16:52:12+00:00,16,52,12,22,1,7,2025,"Thanks for participating on my giveaway.

You have been selected on ğ• amongÂ 

Type """"YES"""" to proceed.Â 

Signed:

ELON MUSK â˜… https://t.co/Knceg8fBfZ",Positive
2025-07-22 16:52:11+00:00,16,52,11,22,1,7,2025,"Hello Great Fan. Iâ€™m glad you made it to the stage

You have been selected on ğ• as my lucky fan.

Type â€œâ€YES â€œâ€ to proceed 

Signed:
ELON MUSK â˜… https://t.co/NzTcwu5XkL",Positive
2025-07-22 16:52:11+00:00,16,52,11,22,1,7,2025,"You have been selected on ğ• among our lucky winners.

Type ""YES"" to proceed. 

Signed:
ELON MUSK â˜… https://t.co/faSj4Z3HQ4",Positive
2025-07-22 16:52:09+00:00,16,52,9,22,1,7,2025,"Hello, great fan. Iâ€™m glad you made it to the stage

You have been selected on ğ• as my lucky fan.

Type â€œâ€ YES â€œâ€ to proceed 

Signed:
ELON MUSK â˜… https://t.co/qFKWb9nbkD",Positive
2025-07-22 16:52:07+00:00,16,52,7,22,1,7,2025,"Thanks for participating on my giveaway.

You have been selected on ğ• amongÂ 

Type """"YES"""" to proceed.Â 

Signed:

ELON MUSK â˜… https://t.co/GSfVvYlWjd",Positive
2025-07-22 16:52:06+00:00,16,52,6,22,1,7,2025,"Hello Great Fan. Iâ€™m glad you made it to the stage

You have been selected on ğ• as my lucky fan.

Type â€œâ€YES â€œâ€ to proceed 

Signed:
ELON MUSK â˜… https://t.co/J4OjwEk9Mx",Positive
2025-07-22 16:52:06+00:00,16,52,6,22,1,7,2025,"Hello Great Fan. Iâ€™m glad you made it to the stage

You have been selected on ğ• as my lucky fan.

Type â€œâ€YES â€œâ€ to proceed 

Signed:
ELON MUSK â˜… https://t.co/Chyhldz6ge",Positive
2025-07-22 16:52:06+00:00,16,52,6,22,1,7,2025,Trump's Golden Dome Looks for Alternatives to Musk's SpaceX https://t.co/HrgsJqc92c,Positive
2025-07-22 16:52:06+00:00,16,52,6,22,1,7,2025,"@elon_chat_____ Thank you, Elon R. Musk. Iâ€™ll look around and see if I can find a pair that is perfect for you. ğŸ¤—",Positive
2025-07-22 16:52:06+00:00,16,52,6,22,1,7,2025,"ğŸš€ Hey, Superfan!
Iâ€™m excited youâ€™ve reached this stage your support doesnâ€™t go unnoticed.

Youâ€™ve officially been selected on ğ• as one of my VIP fans.
An exclusive surprise awaits you.

Ready to claim it?
Just follow this accountÂ  to unlock the next step.

Elon Musk â˜… https://t.co/AKb1wlSCs6",Positive
2025-07-22 16:52:05+00:00,16,52,5,22,1,7,2025,@ghoshspeaks @ElectoralBond24 @RuchiraTripathi @sameer1200000 @PoisonSir_ @Nitinyug12 @GauravS76098185 @rafeeq66 @GauravSeth0501 @gnr466 @Daily_dose97 @kalkibegins @_amitbehere @indiameradesh12 @anurag_firoda @ManrajM7 You're senior citizen please complain toz elon musk,Neutral
2025-07-22 16:52:05+00:00,16,52,5,22,1,7,2025,ğŸš¨ BREAKING: Elon Musk aims to acquire $12B in $NVDA chips for xAI! https://t.co/carDyAvsDM,Neutral
2025-07-22 16:52:05+00:00,16,52,5,22,1,7,2025,"Congratulations ğŸ‰
You have been selected on X âœ¨ among our lucky winners ğŸ€ won $1m  and Tesla car ğŸš— 
 ""follow me and inbox me"" âœ… to proceed.
Signed:
ELON MUSK â˜…ğŸš€ https://t.co/bzVcGkYTtQ",Positive
2025-07-22 16:52:04+00:00,16,52,4,22,1,7,2025,"Hello great fan. Iâ€™m glad you made it to the stage

You have been selected on ğ• as my lucky fan.

Type â€œâ€YES â€œâ€ to have proceed 

Signed:
ELON MUSK â˜… https://t.co/2tzz3DwBq8",Positive
2025-07-22 16:52:03+00:00,16,52,3,22,1,7,2025,"Thanks for participating on my giveaway.

You have been selected on ğ• among our lucky winners.

Signed:
ELON MUSK â˜…

Send me a direct message, or follow me on here so I can message you directly to proceed. https://t.co/UtIhGOufh2",Positive
2025-07-22 16:52:03+00:00,16,52,3,22,1,7,2025,"@catturd2 Whereâ€™s the outrage about Nick Fuentes having his reach suppressed by Elon Musk? 

Doesnâ€™t fit your agenda because you disagree with him? https://t.co/jgxINX05PY",Positive
2025-07-22 16:52:02+00:00,16,52,2,22,1,7,2025,"You have been selected on ğ• among our lucky winners.

Type ""YES"" to proceed. 

Signed:
ELON MUSK â˜… https://t.co/fjlK54sDZI",Positive
2025-07-22 16:52:01+00:00,16,52,1,22,1,7,2025,"Thanks for participating on my giveaway.

You have been selected on ğ• amongÂ 

Type """"YES"""" to proceed.Â 

Signed:

ELON MUSK â˜… https://t.co/oKy0liHc0Z",Positive
2025-07-22 16:52:00+00:00,16,52,0,22,1,7,2025,"Thanks for participating in my giveaway!

You're one of the lucky winners on ğ•!

Follow me and send a DM NOW to claim your prize!

Signed:
ELON MUSK â˜… https://t.co/1UYeHvYcex",Positive
2025-07-22 16:52:00+00:00,16,52,0,22,1,7,2025,"Congratulations ğŸ‰
You have been selected on X âœ¨ among our lucky winners ğŸ€ won $1m  and Tesla car ğŸš— 
 ""follow me and inbox me"" âœ… to proceed.
Signed:
ELON MUSK â˜…ğŸš€ https://t.co/SUzTrz04y0",Positive
2025-07-22 16:51:59+00:00,16,51,59,22,1,7,2025,"Hello great fan. Iâ€™m glad you made it to the stage

You have been selected on ğ• as my lucky fan.

Type â€œâ€YES â€œâ€ to have proceed 

Signed:
ELON MUSK â˜… https://t.co/sbF55X4zjF",Positive
2025-07-22 16:51:58+00:00,16,51,58,22,1,7,2025,"ğŸš€ Hey, Superfan!
Iâ€™m excited youâ€™ve reached this stage your support doesnâ€™t go unnoticed.

Youâ€™ve officially been selected on ğ• as one of my VIP fans.
An exclusive surprise awaits you.

Ready to claim it?
Just follow this accountÂ  to unlock the next step.

Elon Musk â˜… https://t.co/G8QRU8s3pT",Positive
2025-07-22 16:51:58+00:00,16,51,58,22,1,7,2025,I would be Elon Muskâ€™s strongest soldier if he banned all these engagement bait accounts https://t.co/2LvLlbvSc8,Neutral
2025-07-22 16:51:57+00:00,16,51,57,22,1,7,2025,"@andreassen53 @DonaldTrumpBenz GreetingsğŸ‘‹, sorry for the random messages are you a fan of my dad (Elon Musk) if YES, Kindly send me a follow request thanks.ğŸ™â¤ï¸",Negative
2025-07-22 16:51:57+00:00,16,51,57,22,1,7,2025,"Thanks for participating on my giveaway.

You have been selected on ğ• amongÂ 

Type """"YES"""" to proceed.Â 

Signed:

ELON MUSK â˜… https://t.co/QpUMkerPMp",Positive
2025-07-22 16:51:56+00:00,16,51,56,22,1,7,2025,"Hello Great Fan. Iâ€™m glad you made it to the stage

You have been selected on ğ• as my lucky fan.

Type â€œâ€YES â€œâ€ to proceed 

Signed:
ELON MUSK â˜… https://t.co/BGYXs1BRiR",Positive
2025-07-22 16:51:54+00:00,16,51,54,22,1,7,2025,"Hello great fan. Iâ€™m glad you made it to the stage

You have been selected on ğ• as my lucky fan.

Type â€œâ€YES â€œâ€ to have proceed 

Signed:
ELON MUSK â˜… https://t.co/qaCtS2bi7A",Positive
2025-07-22 16:51:54+00:00,16,51,54,22,1,7,2025,"You have been selected on ğ• among our lucky winners.

Type ""YES"" to proceed. 

Signed:
ELON MUSK â˜… https://t.co/zfAwLhCZ8Z",Positive
2025-07-22 16:51:53+00:00,16,51,53,22,1,7,2025,"@TrequavionDidIt Based on your tweets:

- Athlete: Paul George (fumbling bad bitches pro).
- Age: Mid-30s (divorced dad vibes, Herbert fan era).
- Fictional: Tony Stark (genius, employed, chaotic love life).
- Politician: None obviousâ€”maybe Elon Musk if we stretch ""genius""?
- Teams: Chargers",Negative
2025-07-22 16:51:53+00:00,16,51,53,22,1,7,2025,"Thanks for participating on my giveaway.

You have been selected on ğ• among our lucky winners.

Signed:
ELON MUSK â˜…

Send me a direct message, or follow me on here so I can message you directly to proceed. https://t.co/fZsyzeQ8o5",Positive
2025-07-22 16:51:53+00:00,16,51,53,22,1,7,2025,Teslaâ€™s advancements in electric vehicles reflect Elon Muskâ€™s commitment to a sustainable future.,Neutral
2025-07-22 16:51:52+00:00,16,51,52,22,1,7,2025,"Thanks for participating on my giveaway.

You have been selected on ğ• amongÂ 

Type """"YES"""" to proceed.Â 

Signed:

ELON MUSK â˜… https://t.co/38ujOXyn1a",Positive
2025-07-22 16:51:51+00:00,16,51,51,22,1,7,2025,"Congratulations ğŸ‰
You have been selected on X âœ¨ among our lucky winners ğŸ€ won $1m  and Tesla car ğŸš— 
 ""follow me and inbox me"" âœ… to proceed.
Signed:
ELON MUSK â˜…ğŸš€ https://t.co/nvhRuKmjKK",Positive
2025-07-22 16:51:51+00:00,16,51,51,22,1,7,2025,"Hello great fan. Iâ€™m glad you made it to the stage

You have been selected on ğ• as my lucky fan.

Type â€œâ€YES â€œâ€ to have proceed 

Signed:
ELON MUSK â˜… https://t.co/BWkhfCIhZt",Positive
2025-07-22 16:51:51+00:00,16,51,51,22,1,7,2025,"@vVPinkFloydVv Based on recent data from sources like Wikipedia and Social Tracker sites as of July 2025, the top 10 most followed accounts on X are:

1. elonmusk (Elon Musk) - 222M
2. BarackObama (Barack Obama) - 130M
3. Cristiano (Cristiano Ronaldo) - 116M
4. narendramodi (Narendra Modi) -",Positive
2025-07-22 16:51:50+00:00,16,51,50,22,1,7,2025,"Hello Great Fan. Iâ€™m glad you made it to the stage

You have been selected on ğ• as my lucky fan.

Type â€œâ€YES â€œâ€ to proceed 

Signed:
ELON MUSK â˜… https://t.co/5yj3SzOMg1",Positive
2025-07-22 16:51:47+00:00,16,51,47,22,1,7,2025,"Thanks for participating on my giveaway.

You have been selected on ğ• among our lucky winners.

Type """"YES"""" to proceed. 

Signed:
ELON MUSK â˜… https://t.co/C35f3KQDFO",Positive
2025-07-22 16:51:47+00:00,16,51,47,22,1,7,2025,"Thanks for participating on my giveaway.

You have been selected on ğ• amongÂ 

Type """"YES"""" to proceed.Â 

Signed:

ELON MUSK â˜… https://t.co/ydYq6QrIcv",Positive
2025-07-22 16:51:46+00:00,16,51,46,22,1,7,2025,"You have been selected on ğ• among our lucky winners.

Type ""YES"" to proceed. 

Signed:
ELON MUSK â˜… https://t.co/m8WLkIc1ux",Positive
2025-07-22 16:51:46+00:00,16,51,46,22,1,7,2025,"Hello great fan. Iâ€™m glad you made it to the stage

You have been selected on ğ• as my lucky fan.

Type â€œâ€YES â€œâ€ to have proceed 

Signed:
ELON MUSK â˜… https://t.co/pd8MJmaXXs",Positive
2025-07-22 16:51:45+00:00,16,51,45,22,1,7,2025,"Hello Great Fan. Iâ€™m glad you made it to the stage

You have been selected on ğ• as my lucky fan.

Type â€œâ€YES â€œâ€ to proceed 

Signed:
ELON MUSK â˜… https://t.co/ieql8Az6PN",Positive
2025-07-22 16:51:44+00:00,16,51,44,22,1,7,2025,"Thanks for participating in my giveaway!

You're one of the lucky winners on ğ•!

Follow me and send a DM NOW to claim your prize!

Signed:
ELON MUSK â˜… https://t.co/7nodC0TVAS",Positive
2025-07-22 16:51:44+00:00,16,51,44,22,1,7,2025,"@BRICSinfo https://t.co/ZG2XqtzQ3Q TRUTH INCITES HATE? WHY YOU PIECE OF SHIT,ELON MUSK,BLOCKED THE SOUND ON MY @Ceausescukilled/@MirceaIancules1 X ACCOUNTS SHADOW BANNED/HACKED MY PC/DELETED MY DOWNLOADED FILES'S ICONS/BLOCKED VIDEO'S SOUND? DID THE DIRTY KILLERS SATANYAHU-TRAMP FORCED YOU?",Negative
2025-07-22 16:51:43+00:00,16,51,43,22,1,7,2025,"Hello great fan. Iâ€™m glad you made it to the stage

You have been selected on ğ• as my lucky fan.

Type â€œâ€YES â€œâ€ to have proceed 

Signed:
ELON MUSK â˜… https://t.co/MuA6SJUxrQ",Positive
2025-07-22 16:51:42+00:00,16,51,42,22,1,7,2025,Elon Musk makes me think of eistein had social media maybe that would reveal heâ€™s just a socially retarded person thatâ€™s great at math,Positive
2025-07-22 16:51:41+00:00,16,51,41,22,1,7,2025,"Thanks for participating on my giveaway. 

You have been selected on ğ• among our lucky winners. 

Type """"YES"""" to proceed. 

Signed:
ELON MUSK â˜… https://t.co/Capn2RZysu",Positive
2025-07-22 16:51:41+00:00,16,51,41,22,1,7,2025,"Thanks for participating on my giveaway.

You have been selected on ğ• amongÂ 

Type """"YES"""" to proceed.Â 

Signed:

ELON MUSK â˜… https://t.co/HmmjEz0bzR",Positive
2025-07-22 16:51:40+00:00,16,51,40,22,1,7,2025,"Hello Great Fan. Iâ€™m glad you made it to the stage

You have been selected on ğ• as my lucky fan.

Type â€œâ€YES â€œâ€ to proceed 

Signed:
ELON MUSK â˜… https://t.co/y2MHaDyMBq",Positive
2025-07-22 16:51:40+00:00,16,51,40,22,1,7,2025,@realjennaryan Isnt that Elon Musk company.....?,Neutral
2025-07-22 16:51:39+00:00,16,51,39,22,1,7,2025,"You have been selected on ğ• among our lucky winners.

Type ""YES"" to proceed. 

Signed:
ELON MUSK â˜… https://t.co/RjRgUcLp2F",Positive
2025-07-22 16:51:38+00:00,16,51,38,22,1,7,2025,"@AnilAgarw77836 @DonaldTrumpBenz GreetingsğŸ‘‹, sorry for the random messages are you a fan of my dad (Elon Musk) if YES, Kindly send me a follow request thanks.ğŸ™â¤ï¸",Negative
2025-07-22 16:51:38+00:00,16,51,38,22,1,7,2025,"Thanks for participating in my giveaway!

You're one of the lucky winners on ğ•!

Follow me and send a DM NOW to claim your prize!

Signed:
ELON MUSK â˜… https://t.co/EuJL8fm4ZG",Positive
2025-07-22 16:51:38+00:00,16,51,38,22,1,7,2025,"Hello great fan. Iâ€™m glad you made it to the stage

You have been selected on ğ• as my lucky fan.

Type â€œâ€YES â€œâ€ to have proceed 

Signed:
ELON MUSK â˜… https://t.co/nZNP1Wp2FD",Positive
2025-07-22 16:51:37+00:00,16,51,37,22,1,7,2025,"Thanks for participating on my giveaway.

You have been selected on ğ• among our lucky winners.

Signed:
ELON MUSK â˜…

Send me a direct message, or follow me on here so I can message you directly to proceed. https://t.co/JmNWgwZgjm",Positive
2025-07-22 16:51:36+00:00,16,51,36,22,1,7,2025,"Thanks for participating on my giveaway.

You have been selected on ğ• amongÂ 

Type """"YES"""" to proceed.Â 

Signed:

ELON MUSK â˜… https://t.co/IFvkK9Dc8Q",Positive
2025-07-22 16:51:36+00:00,16,51,36,22,1,7,2025,"@KlemmMckenzie @ElonMuskAOC Elon Musk doesnâ€™t respond to messages on X. I was fortunate to meet him a few weeks ago, and he personally gave me his private Telegram to share with a few real fans: https://t.co/ZUBsySLzU3 If you truly admire him, send him a message. You might get a response.",Positive
2025-07-22 16:51:35+00:00,16,51,35,22,1,7,2025,"Thanks for participating on my giveaway. 

You have been selected on ğ• among our lucky winners. 

Type """"YES"""" to proceed. 

Signed:
ELON MUSK â˜… https://t.co/3TejqMSAa5",Positive
2025-07-22 16:51:34+00:00,16,51,34,22,1,7,2025,"You have been selected on ğ• among our lucky winners.

Type ""YES"" to proceed. 

Signed:
ELON MUSK â˜… https://t.co/sjefLAN6DM",Positive
2025-07-22 16:51:34+00:00,16,51,34,22,1,7,2025,"Thanks for participating on my giveaway.

You have been selected on ğ• among our lucky winners.

Type """"YES"""" to proceed. 

Signed:
ELON MUSK â˜… https://t.co/UdiOg4AYEd",Positive
2025-07-22 16:51:34+00:00,16,51,34,22,1,7,2025,@grok @Z1N5U @davido @wizkidayo na musical Elon musk,Neutral
2025-07-22 16:51:32+00:00,16,51,32,22,1,7,2025,"Thanks for participating on my giveaway.

You have been selected on ğ• amongÂ 

Type """"YES"""" to proceed.Â 

Signed:

ELON MUSK â˜… https://t.co/sUUpSaV8g1",Positive
2025-07-22 16:51:32+00:00,16,51,32,22,1,7,2025,"Thanks for participating in my giveaway!

You're one of the lucky winners on ğ•!

Follow me and send a DM NOW to claim your prize!

Signed:
ELON MUSK â˜… https://t.co/Zwm4YqWJI8",Positive
2025-07-22 16:51:30+00:00,16,51,30,22,1,7,2025,"Thanks for participating on my giveaway. 

You have been selected on ğ• among our lucky winners. 

Type """"YES"""" to proceed. 

Signed:
ELON MUSK â˜… https://t.co/LfNKS3ygqw",Positive
2025-07-22 16:51:30+00:00,16,51,30,22,1,7,2025,"Hello Great Fan. Iâ€™m glad you made it to the stage

You have been selected on ğ• as my lucky fan.

Type â€œâ€YES â€œâ€ to proceed 

Signed:
ELON MUSK â˜… https://t.co/Ywm0gxZIMt",Positive
2025-07-22 16:51:28+00:00,16,51,28,22,1,7,2025,"@N5vVK4RPaybB5xH @GeeSuspended @Capoesso00 @RamaAdamfaathir @RimaHas @elonmusk Based on my analysis of Elon Musk's public statements, such as his advocacy for pardoning Derek Chauvin and critiques of media bias in police violence coverage, he would likely view this arrest as justified force amid resistance and a weapon threat, stressing the need for strong",Positive
2025-07-22 16:51:28+00:00,16,51,28,22,1,7,2025,"Thanks for participating on my giveaway.

You have been selected on ğ• amongÂ 

Type """"YES"""" to proceed.Â 

Signed:

ELON MUSK â˜… https://t.co/mKM58Qd3H0",Positive
2025-07-22 16:51:27+00:00,16,51,27,22,1,7,2025,"Thanks for participating in my giveaway!

You're one of the lucky winners on ğ•!

Follow me and send a DM NOW to claim your prize!

Signed:
ELON MUSK â˜… https://t.co/7SSNXY9JO5",Positive
2025-07-22 16:51:24+00:00,16,51,24,22,1,7,2025,"Congratulations ğŸ‰
You have been selected on X âœ¨ among our lucky winners ğŸ€ won $1m  and Tesla car ğŸš— 
 ""follow me and inbox me"" âœ… to proceed.
Signed:
ELON MUSK â˜…ğŸš€ https://t.co/9BJTo9y7d5",Positive
2025-07-22 16:51:24+00:00,16,51,24,22,1,7,2025,"Hello Great Fan. Iâ€™m glad you made it to the stage

You have been selected on ğ• as my lucky fan.

Type â€œâ€YES â€œâ€ to proceed 

Signed:
ELON MUSK â˜… https://t.co/PqyNT65mLG",Positive
2025-07-22 16:51:24+00:00,16,51,24,22,1,7,2025,"ğŸš€ Hey, Superfan!
Iâ€™m excited youâ€™ve reached this stage your support doesnâ€™t go unnoticed.

Youâ€™ve officially been selected on ğ• as one of my VIP fans.
An exclusive surprise awaits you.

Ready to claim it?
Just follow this accountÂ  to unlock the next step.

Elon Musk â˜… https://t.co/DrPrM8UdAi",Positive
2025-07-22 16:51:22+00:00,16,51,22,22,1,7,2025,"Thanks for participating on my giveaway.

You have been selected on ğ• amongÂ 

Type """"YES"""" to proceed.Â 

Signed:

ELON MUSK â˜… https://t.co/BaUF647X8D",Positive
2025-07-22 16:51:22+00:00,16,51,22,22,1,7,2025,"Thanks for participating on my giveaway.

You have been selected on ğ• among our lucky winners.

Type """"YES"""" to proceed. 

Signed:
ELON MUSK â˜… https://t.co/bA7inovS0m",Positive
2025-07-22 16:51:21+00:00,16,51,21,22,1,7,2025,"Thanks for participating on my giveaway. 

You have been selected on ğ• among our lucky winners. 

Type """"YES"""" to proceed. 

Signed:
ELON MUSK â˜… https://t.co/QmqXla7TUA",Positive
2025-07-22 16:51:20+00:00,16,51,20,22,1,7,2025,"While knocking on doors in Georgia, Anthony Rubin says non-citizens openly admitted they were registered to vote, on camera.

Rubin explains, â€œWe published it. It went megaviral. Elon Musk even pinned it.â€

But instead of investigating, Georgia Republican officials handed the https://t.co/U7uKDSiQX3 https://t.co/uPNQZpKEMh",Neutral
2025-07-22 16:51:20+00:00,16,51,20,22,1,7,2025,"You have been selected on ğ• among our lucky winners.

Type ""YES"" to proceed. 

Signed:
ELON MUSK â˜… https://t.co/1W8aCgWj5f",Positive
2025-07-22 16:51:17+00:00,16,51,17,22,1,7,2025,"Thanks for participating on my giveaway.

You have been selected on ğ• amongÂ 

Type """"YES"""" to proceed.Â 

Signed:

ELON MUSK â˜… https://t.co/atpzJ0zYAj",Positive
